-- Adminer 4.8.1 MySQL 8.0.25-0ubuntu0.20.04.1 dump

SET NAMES utf8;
SET time_zone = '+00:00';
SET foreign_key_checks = 0;
SET sql_mode = 'NO_AUTO_VALUE_ON_ZERO';

SET NAMES utf8mb4;

DROP TABLE IF EXISTS `Basil_Player`;
CREATE TABLE `Basil_Player` (
  `ID` int NOT NULL AUTO_INCREMENT,
  `ClassName` enum('Basil\\Player') CHARACTER SET utf8mb4 COLLATE utf8mb4_unicode_ci DEFAULT 'Basil\\Player',
  `LastEdited` datetime DEFAULT NULL,
  `Created` datetime DEFAULT NULL,
  `PlayerNumber` int NOT NULL DEFAULT '0',
  `FirstName` varchar(255) CHARACTER SET utf8mb4 COLLATE utf8mb4_unicode_ci DEFAULT NULL,
  `LastName` mediumtext CHARACTER SET utf8mb4 COLLATE utf8mb4_unicode_ci,
  `Birthday` date DEFAULT NULL,
  PRIMARY KEY (`ID`),
  KEY `ClassName` (`ClassName`)
) ENGINE=InnoDB DEFAULT CHARSET=utf8mb4 COLLATE=utf8mb4_0900_ai_ci;


DROP TABLE IF EXISTS `ChangeSet`;
CREATE TABLE `ChangeSet` (
  `ID` int NOT NULL AUTO_INCREMENT,
  `ClassName` enum('SilverStripe\\Versioned\\ChangeSet') CHARACTER SET utf8mb4 COLLATE utf8mb4_unicode_ci DEFAULT 'SilverStripe\\Versioned\\ChangeSet',
  `LastEdited` datetime DEFAULT NULL,
  `Created` datetime DEFAULT NULL,
  `Name` varchar(255) CHARACTER SET utf8mb4 COLLATE utf8mb4_unicode_ci DEFAULT NULL,
  `State` enum('open','published','reverted') CHARACTER SET utf8mb4 COLLATE utf8mb4_unicode_ci DEFAULT 'open',
  `IsInferred` tinyint unsigned NOT NULL DEFAULT '0',
  `Description` mediumtext CHARACTER SET utf8mb4 COLLATE utf8mb4_unicode_ci,
  `PublishDate` datetime DEFAULT NULL,
  `LastSynced` datetime DEFAULT NULL,
  `OwnerID` int NOT NULL DEFAULT '0',
  `PublisherID` int NOT NULL DEFAULT '0',
  PRIMARY KEY (`ID`),
  KEY `State` (`State`),
  KEY `ID` (`ID`),
  KEY `ClassName` (`ClassName`),
  KEY `OwnerID` (`OwnerID`),
  KEY `PublisherID` (`PublisherID`)
) ENGINE=InnoDB DEFAULT CHARSET=utf8mb4 COLLATE=utf8mb4_0900_ai_ci;

INSERT INTO `ChangeSet` (`ID`, `ClassName`, `LastEdited`, `Created`, `Name`, `State`, `IsInferred`, `Description`, `PublishDate`, `LastSynced`, `OwnerID`, `PublisherID`) VALUES
(1,	'SilverStripe\\Versioned\\ChangeSet',	'2021-12-20 15:59:58',	'2021-12-20 15:59:58',	'Generated by publish of \'Black\' at Dec 20, 2021, 3:59 PM',	'published',	1,	NULL,	'2021-12-20 15:59:58',	'2021-12-20 15:59:58',	0,	1),
(2,	'SilverStripe\\Versioned\\ChangeSet',	'2021-12-20 16:00:08',	'2021-12-20 16:00:08',	'Generated by publish of \'Yellow\' at Dec 20, 2021, 4:00 PM',	'published',	1,	NULL,	'2021-12-20 16:00:08',	'2021-12-20 16:00:08',	0,	1),
(3,	'SilverStripe\\Versioned\\ChangeSet',	'2021-12-20 16:00:28',	'2021-12-20 16:00:28',	'Generated by publish of \'Blue\' at Dec 20, 2021, 4:00 PM',	'published',	1,	NULL,	'2021-12-20 16:00:28',	'2021-12-20 16:00:28',	0,	1),
(4,	'SilverStripe\\Versioned\\ChangeSet',	'2021-12-20 16:06:38',	'2021-12-20 16:06:38',	'Generated by publish of \'All Blacks\' at Dec 20, 2021, 4:06 PM',	'published',	1,	NULL,	'2021-12-20 16:06:38',	'2021-12-20 16:06:38',	0,	1),
(5,	'SilverStripe\\Versioned\\ChangeSet',	'2021-12-20 16:18:09',	'2021-12-20 16:18:09',	'Generated by publish of \'All Blacks\' at Dec 20, 2021, 4:18 PM',	'published',	1,	NULL,	'2021-12-20 16:18:09',	'2021-12-20 16:18:09',	0,	1),
(6,	'SilverStripe\\Versioned\\ChangeSet',	'2021-12-20 16:21:07',	'2021-12-20 16:21:07',	'Generated by publish of \'Jeff Wilson\' at Dec 20, 2021, 4:21 PM',	'published',	1,	NULL,	'2021-12-20 16:21:07',	'2021-12-20 16:21:07',	0,	1),
(7,	'SilverStripe\\Versioned\\ChangeSet',	'2021-12-20 16:21:57',	'2021-12-20 16:21:57',	'Generated by publish of \'Martin Crowe\' at Dec 20, 2021, 4:21 PM',	'published',	1,	NULL,	'2021-12-20 16:21:57',	'2021-12-20 16:21:57',	0,	1),
(8,	'SilverStripe\\Versioned\\ChangeSet',	'2021-12-20 16:24:06',	'2021-12-20 16:24:06',	'Generated by publish of \'Frank Bunce\' at Dec 20, 2021, 4:24 PM',	'published',	1,	NULL,	'2021-12-20 16:24:06',	'2021-12-20 16:24:06',	0,	1),
(9,	'SilverStripe\\Versioned\\ChangeSet',	'2021-12-20 16:24:53',	'2021-12-20 16:24:53',	'Generated by publish of \'Black Caps\' at Dec 20, 2021, 4:24 PM',	'published',	1,	NULL,	'2021-12-20 16:24:53',	'2021-12-20 16:24:53',	0,	1),
(10,	'SilverStripe\\Versioned\\ChangeSet',	'2021-12-20 16:25:10',	'2021-12-20 16:25:10',	'Generated by publish of \'Screenshot from 2021 10 07 08 05 21\' at Dec 20, 2021, 4:25 PM',	'published',	1,	NULL,	'2021-12-20 16:25:10',	'2021-12-20 16:25:10',	0,	1),
(11,	'SilverStripe\\Versioned\\ChangeSet',	'2021-12-20 16:28:17',	'2021-12-20 16:28:17',	'Generated by publish of \'Auckland Blue\' at Dec 20, 2021, 4:28 PM',	'published',	1,	NULL,	'2021-12-20 16:28:17',	'2021-12-20 16:28:17',	0,	1),
(12,	'SilverStripe\\Versioned\\ChangeSet',	'2021-12-20 16:29:47',	'2021-12-20 16:29:47',	'Generated by publish of \'Wellington Hurricanes\' at Dec 20, 2021, 4:29 PM',	'published',	1,	NULL,	'2021-12-20 16:29:47',	'2021-12-20 16:29:47',	0,	1),
(13,	'SilverStripe\\Versioned\\ChangeSet',	'2021-12-20 16:32:10',	'2021-12-20 16:32:10',	'Generated by publish of \'Martin Crowe\' at Dec 20, 2021, 4:32 PM',	'published',	1,	NULL,	'2021-12-20 16:32:10',	'2021-12-20 16:32:10',	0,	1),
(14,	'SilverStripe\\Versioned\\ChangeSet',	'2021-12-20 17:30:28',	'2021-12-20 17:30:28',	'Generated by publish of \'All Blacks\' at Dec 20, 2021, 5:30 PM',	'published',	1,	NULL,	'2021-12-20 17:30:28',	'2021-12-20 17:30:28',	0,	1),
(15,	'SilverStripe\\Versioned\\ChangeSet',	'2021-12-20 17:39:27',	'2021-12-20 17:39:27',	'Generated by publish of \'All Blacks\' at Dec 20, 2021, 5:39 PM',	'published',	1,	NULL,	'2021-12-20 17:39:27',	'2021-12-20 17:39:27',	0,	1);

DROP TABLE IF EXISTS `ChangeSetItem`;
CREATE TABLE `ChangeSetItem` (
  `ID` int NOT NULL AUTO_INCREMENT,
  `ClassName` enum('SilverStripe\\Versioned\\ChangeSetItem') CHARACTER SET utf8mb4 COLLATE utf8mb4_unicode_ci DEFAULT 'SilverStripe\\Versioned\\ChangeSetItem',
  `LastEdited` datetime DEFAULT NULL,
  `Created` datetime DEFAULT NULL,
  `VersionBefore` int NOT NULL DEFAULT '0',
  `VersionAfter` int NOT NULL DEFAULT '0',
  `Added` enum('explicitly','implicitly') CHARACTER SET utf8mb4 COLLATE utf8mb4_unicode_ci DEFAULT 'implicitly',
  `ChangeSetID` int NOT NULL DEFAULT '0',
  `ObjectID` int NOT NULL DEFAULT '0',
  `ObjectClass` enum('Basil\\Colour','Basil\\Player','Basil\\Team','SilverStripe\\Assets\\File','SilverStripe\\SiteConfig\\SiteConfig','SilverStripe\\Versioned\\ChangeSet','SilverStripe\\Versioned\\ChangeSetItem','SilverStripe\\Assets\\Shortcodes\\FileLink','SilverStripe\\CMS\\Model\\SiteTree','SilverStripe\\CMS\\Model\\SiteTreeLink','SilverStripe\\Security\\Group','SilverStripe\\Security\\LoginAttempt','SilverStripe\\Security\\Member','SilverStripe\\Security\\MemberPassword','SilverStripe\\Security\\Permission','SilverStripe\\Security\\PermissionRole','SilverStripe\\Security\\PermissionRoleCode','SilverStripe\\Security\\RememberLoginHash','SilverStripe\\SessionManager\\Models\\LoginSession','SilverStripe\\Assets\\Folder','SilverStripe\\Assets\\Image','Page','SilverStripe\\ErrorPage\\ErrorPage','SilverStripe\\CMS\\Model\\RedirectorPage','SilverStripe\\CMS\\Model\\VirtualPage') CHARACTER SET utf8mb4 COLLATE utf8mb4_unicode_ci DEFAULT 'Basil\\Colour',
  PRIMARY KEY (`ID`),
  UNIQUE KEY `ObjectUniquePerChangeSet` (`ObjectID`,`ObjectClass`,`ChangeSetID`),
  KEY `ClassName` (`ClassName`),
  KEY `ChangeSetID` (`ChangeSetID`),
  KEY `Object` (`ObjectID`,`ObjectClass`)
) ENGINE=InnoDB DEFAULT CHARSET=utf8mb4 COLLATE=utf8mb4_0900_ai_ci;

INSERT INTO `ChangeSetItem` (`ID`, `ClassName`, `LastEdited`, `Created`, `VersionBefore`, `VersionAfter`, `Added`, `ChangeSetID`, `ObjectID`, `ObjectClass`) VALUES
(1,	'SilverStripe\\Versioned\\ChangeSetItem',	'2021-12-20 15:59:58',	'2021-12-20 15:59:58',	0,	0,	'explicitly',	1,	1,	'Basil\\Colour'),
(2,	'SilverStripe\\Versioned\\ChangeSetItem',	'2021-12-20 16:00:08',	'2021-12-20 16:00:08',	0,	0,	'explicitly',	2,	2,	'Basil\\Colour'),
(3,	'SilverStripe\\Versioned\\ChangeSetItem',	'2021-12-20 16:00:28',	'2021-12-20 16:00:28',	0,	0,	'explicitly',	3,	3,	'Basil\\Colour'),
(4,	'SilverStripe\\Versioned\\ChangeSetItem',	'2021-12-20 16:06:38',	'2021-12-20 16:06:38',	0,	0,	'explicitly',	4,	1,	'Basil\\Team'),
(5,	'SilverStripe\\Versioned\\ChangeSetItem',	'2021-12-20 16:18:09',	'2021-12-20 16:18:09',	0,	0,	'explicitly',	5,	1,	'Basil\\Team'),
(6,	'SilverStripe\\Versioned\\ChangeSetItem',	'2021-12-20 16:21:07',	'2021-12-20 16:21:07',	0,	0,	'explicitly',	6,	1,	'Basil\\Player'),
(7,	'SilverStripe\\Versioned\\ChangeSetItem',	'2021-12-20 16:21:57',	'2021-12-20 16:21:57',	0,	0,	'explicitly',	7,	2,	'Basil\\Player'),
(8,	'SilverStripe\\Versioned\\ChangeSetItem',	'2021-12-20 16:24:06',	'2021-12-20 16:24:06',	0,	0,	'explicitly',	8,	3,	'Basil\\Player'),
(9,	'SilverStripe\\Versioned\\ChangeSetItem',	'2021-12-20 16:24:53',	'2021-12-20 16:24:53',	0,	0,	'explicitly',	9,	2,	'Basil\\Team'),
(10,	'SilverStripe\\Versioned\\ChangeSetItem',	'2021-12-20 16:25:10',	'2021-12-20 16:25:10',	0,	3,	'explicitly',	10,	2,	'SilverStripe\\Assets\\File'),
(11,	'SilverStripe\\Versioned\\ChangeSetItem',	'2021-12-20 16:28:17',	'2021-12-20 16:28:17',	0,	0,	'explicitly',	11,	3,	'Basil\\Team'),
(12,	'SilverStripe\\Versioned\\ChangeSetItem',	'2021-12-20 16:29:47',	'2021-12-20 16:29:47',	0,	0,	'explicitly',	12,	4,	'Basil\\Team'),
(13,	'SilverStripe\\Versioned\\ChangeSetItem',	'2021-12-20 16:32:10',	'2021-12-20 16:32:10',	0,	0,	'explicitly',	13,	2,	'Basil\\Player'),
(14,	'SilverStripe\\Versioned\\ChangeSetItem',	'2021-12-20 17:30:28',	'2021-12-20 17:30:28',	0,	0,	'explicitly',	14,	1,	'Basil\\Team'),
(15,	'SilverStripe\\Versioned\\ChangeSetItem',	'2021-12-20 17:39:27',	'2021-12-20 17:39:27',	0,	0,	'explicitly',	15,	1,	'Basil\\Team');

DROP TABLE IF EXISTS `ChangeSetItem_ReferencedBy`;
CREATE TABLE `ChangeSetItem_ReferencedBy` (
  `ID` int NOT NULL AUTO_INCREMENT,
  `ChangeSetItemID` int NOT NULL DEFAULT '0',
  `ChildID` int NOT NULL DEFAULT '0',
  PRIMARY KEY (`ID`),
  KEY `ChangeSetItemID` (`ChangeSetItemID`),
  KEY `ChildID` (`ChildID`)
) ENGINE=InnoDB DEFAULT CHARSET=utf8mb4 COLLATE=utf8mb4_0900_ai_ci;


DROP TABLE IF EXISTS `Colour`;
CREATE TABLE `Colour` (
  `ID` int NOT NULL AUTO_INCREMENT,
  `ClassName` enum('Basil\\Colour') CHARACTER SET utf8mb4 COLLATE utf8mb4_unicode_ci DEFAULT 'Basil\\Colour',
  `LastEdited` datetime DEFAULT NULL,
  `Created` datetime DEFAULT NULL,
  `Name` varchar(255) CHARACTER SET utf8mb4 COLLATE utf8mb4_unicode_ci DEFAULT NULL,
  PRIMARY KEY (`ID`),
  KEY `ClassName` (`ClassName`)
) ENGINE=InnoDB DEFAULT CHARSET=utf8mb4 COLLATE=utf8mb4_0900_ai_ci;

INSERT INTO `Colour` (`ID`, `ClassName`, `LastEdited`, `Created`, `Name`) VALUES
(1,	'Basil\\Colour',	'2021-12-20 15:59:58',	'2021-12-20 15:59:58',	'Black'),
(2,	'Basil\\Colour',	'2021-12-20 16:00:08',	'2021-12-20 16:00:08',	'Yellow'),
(3,	'Basil\\Colour',	'2021-12-20 16:00:28',	'2021-12-20 16:00:28',	'Blue');

DROP TABLE IF EXISTS `ErrorPage`;
CREATE TABLE `ErrorPage` (
  `ID` int NOT NULL AUTO_INCREMENT,
  `ErrorCode` int NOT NULL DEFAULT '0',
  PRIMARY KEY (`ID`)
) ENGINE=InnoDB DEFAULT CHARSET=utf8mb4 COLLATE=utf8mb4_0900_ai_ci;

INSERT INTO `ErrorPage` (`ID`, `ErrorCode`) VALUES
(4,	404),
(5,	500);

DROP TABLE IF EXISTS `ErrorPage_Live`;
CREATE TABLE `ErrorPage_Live` (
  `ID` int NOT NULL AUTO_INCREMENT,
  `ErrorCode` int NOT NULL DEFAULT '0',
  PRIMARY KEY (`ID`)
) ENGINE=InnoDB DEFAULT CHARSET=utf8mb4 COLLATE=utf8mb4_0900_ai_ci;

INSERT INTO `ErrorPage_Live` (`ID`, `ErrorCode`) VALUES
(4,	404),
(5,	500);

DROP TABLE IF EXISTS `ErrorPage_Versions`;
CREATE TABLE `ErrorPage_Versions` (
  `ID` int NOT NULL AUTO_INCREMENT,
  `RecordID` int NOT NULL DEFAULT '0',
  `Version` int NOT NULL DEFAULT '0',
  `ErrorCode` int NOT NULL DEFAULT '0',
  PRIMARY KEY (`ID`),
  UNIQUE KEY `RecordID_Version` (`RecordID`,`Version`),
  KEY `RecordID` (`RecordID`),
  KEY `Version` (`Version`)
) ENGINE=InnoDB DEFAULT CHARSET=utf8mb4 COLLATE=utf8mb4_0900_ai_ci;

INSERT INTO `ErrorPage_Versions` (`ID`, `RecordID`, `Version`, `ErrorCode`) VALUES
(1,	4,	1,	404),
(2,	4,	2,	404),
(3,	5,	1,	500),
(4,	5,	2,	500);

DROP TABLE IF EXISTS `File`;
CREATE TABLE `File` (
  `ID` int NOT NULL AUTO_INCREMENT,
  `ClassName` enum('SilverStripe\\Assets\\File','SilverStripe\\Assets\\Folder','SilverStripe\\Assets\\Image') CHARACTER SET utf8mb4 COLLATE utf8mb4_unicode_ci DEFAULT 'SilverStripe\\Assets\\File',
  `LastEdited` datetime DEFAULT NULL,
  `Created` datetime DEFAULT NULL,
  `Version` int NOT NULL DEFAULT '0',
  `CanViewType` enum('Anyone','LoggedInUsers','OnlyTheseUsers','Inherit') CHARACTER SET utf8mb4 COLLATE utf8mb4_unicode_ci DEFAULT 'Inherit',
  `CanEditType` enum('LoggedInUsers','OnlyTheseUsers','Inherit') CHARACTER SET utf8mb4 COLLATE utf8mb4_unicode_ci DEFAULT 'Inherit',
  `Name` varchar(255) CHARACTER SET utf8mb4 COLLATE utf8mb4_unicode_ci DEFAULT NULL,
  `Title` varchar(255) CHARACTER SET utf8mb4 COLLATE utf8mb4_unicode_ci DEFAULT NULL,
  `ShowInSearch` tinyint unsigned NOT NULL DEFAULT '1',
  `ParentID` int NOT NULL DEFAULT '0',
  `OwnerID` int NOT NULL DEFAULT '0',
  `FileHash` varchar(255) CHARACTER SET utf8mb4 COLLATE utf8mb4_unicode_ci DEFAULT NULL,
  `FileFilename` varchar(255) CHARACTER SET utf8mb4 COLLATE utf8mb4_unicode_ci DEFAULT NULL,
  `FileVariant` varchar(255) CHARACTER SET utf8mb4 COLLATE utf8mb4_unicode_ci DEFAULT NULL,
  PRIMARY KEY (`ID`),
  KEY `Name` (`Name`),
  KEY `ClassName` (`ClassName`),
  KEY `ParentID` (`ParentID`),
  KEY `OwnerID` (`OwnerID`),
  KEY `FileHash` (`FileHash`)
) ENGINE=InnoDB DEFAULT CHARSET=utf8mb4 COLLATE=utf8mb4_0900_ai_ci;

INSERT INTO `File` (`ID`, `ClassName`, `LastEdited`, `Created`, `Version`, `CanViewType`, `CanEditType`, `Name`, `Title`, `ShowInSearch`, `ParentID`, `OwnerID`, `FileHash`, `FileFilename`, `FileVariant`) VALUES
(1,	'SilverStripe\\Assets\\Folder',	'2021-12-20 15:58:33',	'2021-12-20 15:58:33',	2,	'Inherit',	'Inherit',	'Uploads',	'Uploads',	1,	0,	1,	NULL,	NULL,	NULL),
(2,	'SilverStripe\\Assets\\Image',	'2021-12-20 16:25:10',	'2021-12-20 16:00:58',	3,	'Inherit',	'Inherit',	'Screenshot-from-2021-10-07-08-05-21.png',	'Screenshot from 2021 10 07 08 05 21',	1,	1,	1,	'b8b62cdea5c0803c677e7044ee624853ad8d05c2',	'Uploads/Screenshot-from-2021-10-07-08-05-21.png',	NULL);

DROP TABLE IF EXISTS `FileLink`;
CREATE TABLE `FileLink` (
  `ID` int NOT NULL AUTO_INCREMENT,
  `ClassName` enum('SilverStripe\\Assets\\Shortcodes\\FileLink') CHARACTER SET utf8mb4 COLLATE utf8mb4_unicode_ci DEFAULT 'SilverStripe\\Assets\\Shortcodes\\FileLink',
  `LastEdited` datetime DEFAULT NULL,
  `Created` datetime DEFAULT NULL,
  `LinkedID` int NOT NULL DEFAULT '0',
  `ParentID` int NOT NULL DEFAULT '0',
  `ParentClass` enum('Basil\\Colour','Basil\\Player','Basil\\Team','SilverStripe\\Assets\\File','SilverStripe\\SiteConfig\\SiteConfig','SilverStripe\\Versioned\\ChangeSet','SilverStripe\\Versioned\\ChangeSetItem','SilverStripe\\Assets\\Shortcodes\\FileLink','SilverStripe\\CMS\\Model\\SiteTree','SilverStripe\\CMS\\Model\\SiteTreeLink','SilverStripe\\Security\\Group','SilverStripe\\Security\\LoginAttempt','SilverStripe\\Security\\Member','SilverStripe\\Security\\MemberPassword','SilverStripe\\Security\\Permission','SilverStripe\\Security\\PermissionRole','SilverStripe\\Security\\PermissionRoleCode','SilverStripe\\Security\\RememberLoginHash','SilverStripe\\SessionManager\\Models\\LoginSession','SilverStripe\\Assets\\Folder','SilverStripe\\Assets\\Image','Page','SilverStripe\\ErrorPage\\ErrorPage','SilverStripe\\CMS\\Model\\RedirectorPage','SilverStripe\\CMS\\Model\\VirtualPage') CHARACTER SET utf8mb4 COLLATE utf8mb4_unicode_ci DEFAULT 'Basil\\Colour',
  PRIMARY KEY (`ID`),
  KEY `ClassName` (`ClassName`),
  KEY `LinkedID` (`LinkedID`),
  KEY `Parent` (`ParentID`,`ParentClass`)
) ENGINE=InnoDB DEFAULT CHARSET=utf8mb4 COLLATE=utf8mb4_0900_ai_ci;


DROP TABLE IF EXISTS `File_EditorGroups`;
CREATE TABLE `File_EditorGroups` (
  `ID` int NOT NULL AUTO_INCREMENT,
  `FileID` int NOT NULL DEFAULT '0',
  `GroupID` int NOT NULL DEFAULT '0',
  PRIMARY KEY (`ID`),
  KEY `FileID` (`FileID`),
  KEY `GroupID` (`GroupID`)
) ENGINE=InnoDB DEFAULT CHARSET=utf8mb4 COLLATE=utf8mb4_0900_ai_ci;


DROP TABLE IF EXISTS `File_Live`;
CREATE TABLE `File_Live` (
  `ID` int NOT NULL AUTO_INCREMENT,
  `ClassName` enum('SilverStripe\\Assets\\File','SilverStripe\\Assets\\Folder','SilverStripe\\Assets\\Image') CHARACTER SET utf8mb4 COLLATE utf8mb4_unicode_ci DEFAULT 'SilverStripe\\Assets\\File',
  `LastEdited` datetime DEFAULT NULL,
  `Created` datetime DEFAULT NULL,
  `Version` int NOT NULL DEFAULT '0',
  `CanViewType` enum('Anyone','LoggedInUsers','OnlyTheseUsers','Inherit') CHARACTER SET utf8mb4 COLLATE utf8mb4_unicode_ci DEFAULT 'Inherit',
  `CanEditType` enum('LoggedInUsers','OnlyTheseUsers','Inherit') CHARACTER SET utf8mb4 COLLATE utf8mb4_unicode_ci DEFAULT 'Inherit',
  `Name` varchar(255) CHARACTER SET utf8mb4 COLLATE utf8mb4_unicode_ci DEFAULT NULL,
  `Title` varchar(255) CHARACTER SET utf8mb4 COLLATE utf8mb4_unicode_ci DEFAULT NULL,
  `ShowInSearch` tinyint unsigned NOT NULL DEFAULT '1',
  `ParentID` int NOT NULL DEFAULT '0',
  `OwnerID` int NOT NULL DEFAULT '0',
  `FileHash` varchar(255) CHARACTER SET utf8mb4 COLLATE utf8mb4_unicode_ci DEFAULT NULL,
  `FileFilename` varchar(255) CHARACTER SET utf8mb4 COLLATE utf8mb4_unicode_ci DEFAULT NULL,
  `FileVariant` varchar(255) CHARACTER SET utf8mb4 COLLATE utf8mb4_unicode_ci DEFAULT NULL,
  PRIMARY KEY (`ID`),
  KEY `Name` (`Name`),
  KEY `ClassName` (`ClassName`),
  KEY `ParentID` (`ParentID`),
  KEY `OwnerID` (`OwnerID`),
  KEY `FileHash` (`FileHash`)
) ENGINE=InnoDB DEFAULT CHARSET=utf8mb4 COLLATE=utf8mb4_0900_ai_ci;

INSERT INTO `File_Live` (`ID`, `ClassName`, `LastEdited`, `Created`, `Version`, `CanViewType`, `CanEditType`, `Name`, `Title`, `ShowInSearch`, `ParentID`, `OwnerID`, `FileHash`, `FileFilename`, `FileVariant`) VALUES
(1,	'SilverStripe\\Assets\\Folder',	'2021-12-20 15:58:33',	'2021-12-20 15:58:33',	2,	'Inherit',	'Inherit',	'Uploads',	'Uploads',	1,	0,	1,	NULL,	NULL,	NULL),
(2,	'SilverStripe\\Assets\\Image',	'2021-12-20 16:25:10',	'2021-12-20 16:00:58',	3,	'Inherit',	'Inherit',	'Screenshot-from-2021-10-07-08-05-21.png',	'Screenshot from 2021 10 07 08 05 21',	1,	1,	1,	'b8b62cdea5c0803c677e7044ee624853ad8d05c2',	'Uploads/Screenshot-from-2021-10-07-08-05-21.png',	NULL);

DROP TABLE IF EXISTS `File_Versions`;
CREATE TABLE `File_Versions` (
  `ID` int NOT NULL AUTO_INCREMENT,
  `RecordID` int NOT NULL DEFAULT '0',
  `Version` int NOT NULL DEFAULT '0',
  `WasPublished` tinyint unsigned NOT NULL DEFAULT '0',
  `WasDeleted` tinyint unsigned NOT NULL DEFAULT '0',
  `WasDraft` tinyint unsigned NOT NULL DEFAULT '1',
  `AuthorID` int NOT NULL DEFAULT '0',
  `PublisherID` int NOT NULL DEFAULT '0',
  `ClassName` enum('SilverStripe\\Assets\\File','SilverStripe\\Assets\\Folder','SilverStripe\\Assets\\Image') CHARACTER SET utf8mb4 COLLATE utf8mb4_unicode_ci DEFAULT 'SilverStripe\\Assets\\File',
  `LastEdited` datetime DEFAULT NULL,
  `Created` datetime DEFAULT NULL,
  `CanViewType` enum('Anyone','LoggedInUsers','OnlyTheseUsers','Inherit') CHARACTER SET utf8mb4 COLLATE utf8mb4_unicode_ci DEFAULT 'Inherit',
  `CanEditType` enum('LoggedInUsers','OnlyTheseUsers','Inherit') CHARACTER SET utf8mb4 COLLATE utf8mb4_unicode_ci DEFAULT 'Inherit',
  `Name` varchar(255) CHARACTER SET utf8mb4 COLLATE utf8mb4_unicode_ci DEFAULT NULL,
  `Title` varchar(255) CHARACTER SET utf8mb4 COLLATE utf8mb4_unicode_ci DEFAULT NULL,
  `ShowInSearch` tinyint unsigned NOT NULL DEFAULT '1',
  `ParentID` int NOT NULL DEFAULT '0',
  `OwnerID` int NOT NULL DEFAULT '0',
  `FileHash` varchar(255) CHARACTER SET utf8mb4 COLLATE utf8mb4_unicode_ci DEFAULT NULL,
  `FileFilename` varchar(255) CHARACTER SET utf8mb4 COLLATE utf8mb4_unicode_ci DEFAULT NULL,
  `FileVariant` varchar(255) CHARACTER SET utf8mb4 COLLATE utf8mb4_unicode_ci DEFAULT NULL,
  PRIMARY KEY (`ID`),
  KEY `RecordID_Version` (`RecordID`,`Version`),
  KEY `RecordID` (`RecordID`),
  KEY `Version` (`Version`),
  KEY `AuthorID` (`AuthorID`),
  KEY `PublisherID` (`PublisherID`),
  KEY `Name` (`Name`),
  KEY `ClassName` (`ClassName`),
  KEY `ParentID` (`ParentID`),
  KEY `OwnerID` (`OwnerID`),
  KEY `FileHash` (`FileHash`)
) ENGINE=InnoDB DEFAULT CHARSET=utf8mb4 COLLATE=utf8mb4_0900_ai_ci;

INSERT INTO `File_Versions` (`ID`, `RecordID`, `Version`, `WasPublished`, `WasDeleted`, `WasDraft`, `AuthorID`, `PublisherID`, `ClassName`, `LastEdited`, `Created`, `CanViewType`, `CanEditType`, `Name`, `Title`, `ShowInSearch`, `ParentID`, `OwnerID`, `FileHash`, `FileFilename`, `FileVariant`) VALUES
(1,	1,	1,	0,	0,	1,	1,	0,	'SilverStripe\\Assets\\Folder',	'2021-12-20 15:58:33',	'2021-12-20 15:58:33',	'Inherit',	'Inherit',	'Uploads',	'Uploads',	1,	0,	1,	NULL,	NULL,	NULL),
(2,	1,	2,	1,	0,	1,	1,	1,	'SilverStripe\\Assets\\Folder',	'2021-12-20 15:58:33',	'2021-12-20 15:58:33',	'Inherit',	'Inherit',	'Uploads',	'Uploads',	1,	0,	1,	NULL,	NULL,	NULL),
(3,	2,	1,	0,	0,	1,	1,	0,	'SilverStripe\\Assets\\Image',	'2021-12-20 16:00:58',	'2021-12-20 16:00:58',	'Inherit',	'Inherit',	'Screenshot-from-2021-10-07-08-05-21.png',	'Screenshot from 2021 10 07 08 05 21',	1,	1,	1,	'b8b62cdea5c0803c677e7044ee624853ad8d05c2',	'Uploads/Screenshot-from-2021-10-07-08-05-21.png',	NULL),
(4,	2,	2,	0,	0,	1,	1,	0,	'SilverStripe\\Assets\\Image',	'2021-12-20 16:25:10',	'2021-12-20 16:00:58',	'Inherit',	'Inherit',	'Screenshot-from-2021-10-07-08-05-21.png',	'Screenshot from 2021 10 07 08 05 21',	1,	1,	1,	'b8b62cdea5c0803c677e7044ee624853ad8d05c2',	'Uploads/Screenshot-from-2021-10-07-08-05-21.png',	NULL),
(5,	2,	3,	1,	0,	1,	1,	1,	'SilverStripe\\Assets\\Image',	'2021-12-20 16:25:10',	'2021-12-20 16:00:58',	'Inherit',	'Inherit',	'Screenshot-from-2021-10-07-08-05-21.png',	'Screenshot from 2021 10 07 08 05 21',	1,	1,	1,	'b8b62cdea5c0803c677e7044ee624853ad8d05c2',	'Uploads/Screenshot-from-2021-10-07-08-05-21.png',	NULL);

DROP TABLE IF EXISTS `File_ViewerGroups`;
CREATE TABLE `File_ViewerGroups` (
  `ID` int NOT NULL AUTO_INCREMENT,
  `FileID` int NOT NULL DEFAULT '0',
  `GroupID` int NOT NULL DEFAULT '0',
  PRIMARY KEY (`ID`),
  KEY `FileID` (`FileID`),
  KEY `GroupID` (`GroupID`)
) ENGINE=InnoDB DEFAULT CHARSET=utf8mb4 COLLATE=utf8mb4_0900_ai_ci;


DROP TABLE IF EXISTS `Group`;
CREATE TABLE `Group` (
  `ID` int NOT NULL AUTO_INCREMENT,
  `ClassName` enum('SilverStripe\\Security\\Group') CHARACTER SET utf8mb4 COLLATE utf8mb4_unicode_ci DEFAULT 'SilverStripe\\Security\\Group',
  `LastEdited` datetime DEFAULT NULL,
  `Created` datetime DEFAULT NULL,
  `Title` varchar(255) CHARACTER SET utf8mb4 COLLATE utf8mb4_unicode_ci DEFAULT NULL,
  `Description` mediumtext CHARACTER SET utf8mb4 COLLATE utf8mb4_unicode_ci,
  `Code` varchar(255) CHARACTER SET utf8mb4 COLLATE utf8mb4_unicode_ci DEFAULT NULL,
  `Locked` tinyint unsigned NOT NULL DEFAULT '0',
  `Sort` int NOT NULL DEFAULT '0',
  `HtmlEditorConfig` mediumtext CHARACTER SET utf8mb4 COLLATE utf8mb4_unicode_ci,
  `ParentID` int NOT NULL DEFAULT '0',
  PRIMARY KEY (`ID`),
  KEY `ClassName` (`ClassName`),
  KEY `ParentID` (`ParentID`)
) ENGINE=InnoDB DEFAULT CHARSET=utf8mb4 COLLATE=utf8mb4_0900_ai_ci;

INSERT INTO `Group` (`ID`, `ClassName`, `LastEdited`, `Created`, `Title`, `Description`, `Code`, `Locked`, `Sort`, `HtmlEditorConfig`, `ParentID`) VALUES
(1,	'SilverStripe\\Security\\Group',	'2021-12-20 14:28:59',	'2021-12-20 14:28:59',	'Content Authors',	NULL,	'content-authors',	0,	1,	NULL,	0),
(2,	'SilverStripe\\Security\\Group',	'2021-12-20 14:28:59',	'2021-12-20 14:28:59',	'Administrators',	NULL,	'administrators',	0,	0,	NULL,	0);

DROP TABLE IF EXISTS `Group_Members`;
CREATE TABLE `Group_Members` (
  `ID` int NOT NULL AUTO_INCREMENT,
  `GroupID` int NOT NULL DEFAULT '0',
  `MemberID` int NOT NULL DEFAULT '0',
  PRIMARY KEY (`ID`),
  KEY `GroupID` (`GroupID`),
  KEY `MemberID` (`MemberID`)
) ENGINE=InnoDB DEFAULT CHARSET=utf8mb4 COLLATE=utf8mb4_0900_ai_ci;

INSERT INTO `Group_Members` (`ID`, `GroupID`, `MemberID`) VALUES
(1,	2,	1);

DROP TABLE IF EXISTS `Group_Roles`;
CREATE TABLE `Group_Roles` (
  `ID` int NOT NULL AUTO_INCREMENT,
  `GroupID` int NOT NULL DEFAULT '0',
  `PermissionRoleID` int NOT NULL DEFAULT '0',
  PRIMARY KEY (`ID`),
  KEY `GroupID` (`GroupID`),
  KEY `PermissionRoleID` (`PermissionRoleID`)
) ENGINE=InnoDB DEFAULT CHARSET=utf8mb4 COLLATE=utf8mb4_0900_ai_ci;


DROP TABLE IF EXISTS `LoginAttempt`;
CREATE TABLE `LoginAttempt` (
  `ID` int NOT NULL AUTO_INCREMENT,
  `ClassName` enum('SilverStripe\\Security\\LoginAttempt') CHARACTER SET utf8mb4 COLLATE utf8mb4_unicode_ci DEFAULT 'SilverStripe\\Security\\LoginAttempt',
  `LastEdited` datetime DEFAULT NULL,
  `Created` datetime DEFAULT NULL,
  `Email` varchar(255) CHARACTER SET utf8mb4 COLLATE utf8mb4_unicode_ci DEFAULT NULL,
  `EmailHashed` varchar(255) CHARACTER SET utf8mb4 COLLATE utf8mb4_unicode_ci DEFAULT NULL,
  `Status` enum('Success','Failure') CHARACTER SET utf8mb4 COLLATE utf8mb4_unicode_ci DEFAULT 'Success',
  `IP` varchar(255) CHARACTER SET utf8mb4 COLLATE utf8mb4_unicode_ci DEFAULT NULL,
  `MemberID` int NOT NULL DEFAULT '0',
  PRIMARY KEY (`ID`),
  KEY `ClassName` (`ClassName`),
  KEY `MemberID` (`MemberID`),
  KEY `EmailHashed` (`EmailHashed`)
) ENGINE=InnoDB DEFAULT CHARSET=utf8mb4 COLLATE=utf8mb4_0900_ai_ci;

INSERT INTO `LoginAttempt` (`ID`, `ClassName`, `LastEdited`, `Created`, `Email`, `EmailHashed`, `Status`, `IP`, `MemberID`) VALUES
(1,	'SilverStripe\\Security\\LoginAttempt',	'2021-12-20 15:07:25',	'2021-12-20 15:07:25',	NULL,	'd033e22ae348aeb5660fc2140aec35850c4da997',	'Success',	'192.168.10.1',	1);

DROP TABLE IF EXISTS `LoginSession`;
CREATE TABLE `LoginSession` (
  `ID` int NOT NULL AUTO_INCREMENT,
  `ClassName` enum('SilverStripe\\SessionManager\\Models\\LoginSession') CHARACTER SET utf8mb4 COLLATE utf8mb4_unicode_ci DEFAULT 'SilverStripe\\SessionManager\\Models\\LoginSession',
  `LastEdited` datetime DEFAULT NULL,
  `Created` datetime DEFAULT NULL,
  `LastAccessed` datetime DEFAULT NULL,
  `IPAddress` varchar(45) CHARACTER SET utf8mb4 COLLATE utf8mb4_unicode_ci DEFAULT NULL,
  `UserAgent` mediumtext CHARACTER SET utf8mb4 COLLATE utf8mb4_unicode_ci,
  `Persistent` tinyint unsigned NOT NULL DEFAULT '0',
  `MemberID` int NOT NULL DEFAULT '0',
  PRIMARY KEY (`ID`),
  KEY `LastAccessed` (`LastAccessed`),
  KEY `ClassName` (`ClassName`),
  KEY `MemberID` (`MemberID`)
) ENGINE=InnoDB DEFAULT CHARSET=utf8mb4 COLLATE=utf8mb4_0900_ai_ci;

INSERT INTO `LoginSession` (`ID`, `ClassName`, `LastEdited`, `Created`, `LastAccessed`, `IPAddress`, `UserAgent`, `Persistent`, `MemberID`) VALUES
(1,	'SilverStripe\\SessionManager\\Models\\LoginSession',	'2021-12-20 17:46:18',	'2021-12-20 15:07:25',	'2021-12-20 17:46:18',	'192.168.10.1',	'Mozilla/5.0 (X11; Linux x86_64) AppleWebKit/537.36 (KHTML, like Gecko) Chrome/96.0.4664.93 Safari/537.36',	0,	1);

DROP TABLE IF EXISTS `Member`;
CREATE TABLE `Member` (
  `ID` int NOT NULL AUTO_INCREMENT,
  `ClassName` enum('SilverStripe\\Security\\Member') CHARACTER SET utf8mb4 COLLATE utf8mb4_unicode_ci DEFAULT 'SilverStripe\\Security\\Member',
  `LastEdited` datetime DEFAULT NULL,
  `Created` datetime DEFAULT NULL,
  `FirstName` varchar(255) CHARACTER SET utf8mb4 COLLATE utf8mb4_unicode_ci DEFAULT NULL,
  `Surname` varchar(255) CHARACTER SET utf8mb4 COLLATE utf8mb4_unicode_ci DEFAULT NULL,
  `Email` varchar(254) CHARACTER SET utf8mb4 COLLATE utf8mb4_unicode_ci DEFAULT NULL,
  `TempIDHash` varchar(160) CHARACTER SET utf8mb4 COLLATE utf8mb4_unicode_ci DEFAULT NULL,
  `TempIDExpired` datetime DEFAULT NULL,
  `Password` varchar(160) CHARACTER SET utf8mb4 COLLATE utf8mb4_unicode_ci DEFAULT NULL,
  `AutoLoginHash` varchar(160) CHARACTER SET utf8mb4 COLLATE utf8mb4_unicode_ci DEFAULT NULL,
  `AutoLoginExpired` datetime DEFAULT NULL,
  `PasswordEncryption` varchar(50) CHARACTER SET utf8mb4 COLLATE utf8mb4_unicode_ci DEFAULT NULL,
  `Salt` varchar(50) CHARACTER SET utf8mb4 COLLATE utf8mb4_unicode_ci DEFAULT NULL,
  `PasswordExpiry` date DEFAULT NULL,
  `LockedOutUntil` datetime DEFAULT NULL,
  `Locale` varchar(6) CHARACTER SET utf8mb4 COLLATE utf8mb4_unicode_ci DEFAULT NULL,
  `FailedLoginCount` int NOT NULL DEFAULT '0',
  PRIMARY KEY (`ID`),
  KEY `Surname` (`Surname`),
  KEY `FirstName` (`FirstName`),
  KEY `ClassName` (`ClassName`),
  KEY `Email` (`Email`)
) ENGINE=InnoDB DEFAULT CHARSET=utf8mb4 COLLATE=utf8mb4_0900_ai_ci;

INSERT INTO `Member` (`ID`, `ClassName`, `LastEdited`, `Created`, `FirstName`, `Surname`, `Email`, `TempIDHash`, `TempIDExpired`, `Password`, `AutoLoginHash`, `AutoLoginExpired`, `PasswordEncryption`, `Salt`, `PasswordExpiry`, `LockedOutUntil`, `Locale`, `FailedLoginCount`) VALUES
(1,	'SilverStripe\\Security\\Member',	'2021-12-20 15:07:25',	'2021-12-20 15:07:25',	'Default Admin',	NULL,	'admin',	'42d78ef449f71af741e9ed9d675a7b9d7ddb6b47',	'2021-12-23 15:07:25',	NULL,	NULL,	NULL,	'none',	NULL,	NULL,	NULL,	'en_US',	0);

DROP TABLE IF EXISTS `MemberPassword`;
CREATE TABLE `MemberPassword` (
  `ID` int NOT NULL AUTO_INCREMENT,
  `ClassName` enum('SilverStripe\\Security\\MemberPassword') CHARACTER SET utf8mb4 COLLATE utf8mb4_unicode_ci DEFAULT 'SilverStripe\\Security\\MemberPassword',
  `LastEdited` datetime DEFAULT NULL,
  `Created` datetime DEFAULT NULL,
  `Password` varchar(160) CHARACTER SET utf8mb4 COLLATE utf8mb4_unicode_ci DEFAULT NULL,
  `Salt` varchar(50) CHARACTER SET utf8mb4 COLLATE utf8mb4_unicode_ci DEFAULT NULL,
  `PasswordEncryption` varchar(50) CHARACTER SET utf8mb4 COLLATE utf8mb4_unicode_ci DEFAULT NULL,
  `MemberID` int NOT NULL DEFAULT '0',
  PRIMARY KEY (`ID`),
  KEY `ClassName` (`ClassName`),
  KEY `MemberID` (`MemberID`)
) ENGINE=InnoDB DEFAULT CHARSET=utf8mb4 COLLATE=utf8mb4_0900_ai_ci;

INSERT INTO `MemberPassword` (`ID`, `ClassName`, `LastEdited`, `Created`, `Password`, `Salt`, `PasswordEncryption`, `MemberID`) VALUES
(1,	'SilverStripe\\Security\\MemberPassword',	'2021-12-20 15:07:25',	'2021-12-20 15:07:25',	NULL,	NULL,	'none',	1);

DROP TABLE IF EXISTS `Permission`;
CREATE TABLE `Permission` (
  `ID` int NOT NULL AUTO_INCREMENT,
  `ClassName` enum('SilverStripe\\Security\\Permission') CHARACTER SET utf8mb4 COLLATE utf8mb4_unicode_ci DEFAULT 'SilverStripe\\Security\\Permission',
  `LastEdited` datetime DEFAULT NULL,
  `Created` datetime DEFAULT NULL,
  `Code` varchar(255) CHARACTER SET utf8mb4 COLLATE utf8mb4_unicode_ci DEFAULT NULL,
  `Arg` int NOT NULL DEFAULT '0',
  `Type` int NOT NULL DEFAULT '1',
  `GroupID` int NOT NULL DEFAULT '0',
  PRIMARY KEY (`ID`),
  KEY `ClassName` (`ClassName`),
  KEY `GroupID` (`GroupID`),
  KEY `Code` (`Code`)
) ENGINE=InnoDB DEFAULT CHARSET=utf8mb4 COLLATE=utf8mb4_0900_ai_ci;

INSERT INTO `Permission` (`ID`, `ClassName`, `LastEdited`, `Created`, `Code`, `Arg`, `Type`, `GroupID`) VALUES
(1,	'SilverStripe\\Security\\Permission',	'2021-12-20 14:28:59',	'2021-12-20 14:28:59',	'CMS_ACCESS_CMSMain',	0,	1,	1),
(2,	'SilverStripe\\Security\\Permission',	'2021-12-20 14:28:59',	'2021-12-20 14:28:59',	'CMS_ACCESS_AssetAdmin',	0,	1,	1),
(3,	'SilverStripe\\Security\\Permission',	'2021-12-20 14:28:59',	'2021-12-20 14:28:59',	'CMS_ACCESS_ReportAdmin',	0,	1,	1),
(4,	'SilverStripe\\Security\\Permission',	'2021-12-20 14:28:59',	'2021-12-20 14:28:59',	'SITETREE_REORGANISE',	0,	1,	1),
(5,	'SilverStripe\\Security\\Permission',	'2021-12-20 14:28:59',	'2021-12-20 14:28:59',	'ADMIN',	0,	1,	2);

DROP TABLE IF EXISTS `PermissionRole`;
CREATE TABLE `PermissionRole` (
  `ID` int NOT NULL AUTO_INCREMENT,
  `ClassName` enum('SilverStripe\\Security\\PermissionRole') CHARACTER SET utf8mb4 COLLATE utf8mb4_unicode_ci DEFAULT 'SilverStripe\\Security\\PermissionRole',
  `LastEdited` datetime DEFAULT NULL,
  `Created` datetime DEFAULT NULL,
  `Title` varchar(255) CHARACTER SET utf8mb4 COLLATE utf8mb4_unicode_ci DEFAULT NULL,
  `OnlyAdminCanApply` tinyint unsigned NOT NULL DEFAULT '0',
  PRIMARY KEY (`ID`),
  KEY `Title` (`Title`),
  KEY `ClassName` (`ClassName`)
) ENGINE=InnoDB DEFAULT CHARSET=utf8mb4 COLLATE=utf8mb4_0900_ai_ci;


DROP TABLE IF EXISTS `PermissionRoleCode`;
CREATE TABLE `PermissionRoleCode` (
  `ID` int NOT NULL AUTO_INCREMENT,
  `ClassName` enum('SilverStripe\\Security\\PermissionRoleCode') CHARACTER SET utf8mb4 COLLATE utf8mb4_unicode_ci DEFAULT 'SilverStripe\\Security\\PermissionRoleCode',
  `LastEdited` datetime DEFAULT NULL,
  `Created` datetime DEFAULT NULL,
  `Code` varchar(255) CHARACTER SET utf8mb4 COLLATE utf8mb4_unicode_ci DEFAULT NULL,
  `RoleID` int NOT NULL DEFAULT '0',
  PRIMARY KEY (`ID`),
  KEY `ClassName` (`ClassName`),
  KEY `RoleID` (`RoleID`)
) ENGINE=InnoDB DEFAULT CHARSET=utf8mb4 COLLATE=utf8mb4_0900_ai_ci;


DROP TABLE IF EXISTS `Player`;
CREATE TABLE `Player` (
  `ID` int NOT NULL AUTO_INCREMENT,
  `ClassName` enum('Basil\\Player') CHARACTER SET utf8mb4 COLLATE utf8mb4_unicode_ci DEFAULT 'Basil\\Player',
  `LastEdited` datetime DEFAULT NULL,
  `Created` datetime DEFAULT NULL,
  `PlayerNumber` int NOT NULL DEFAULT '0',
  `FirstName` varchar(255) CHARACTER SET utf8mb4 COLLATE utf8mb4_unicode_ci DEFAULT NULL,
  `LastName` mediumtext CHARACTER SET utf8mb4 COLLATE utf8mb4_unicode_ci,
  `Birthday` date DEFAULT NULL,
  `Name` varchar(255) CHARACTER SET utf8mb4 COLLATE utf8mb4_unicode_ci DEFAULT NULL,
  PRIMARY KEY (`ID`),
  KEY `ClassName` (`ClassName`)
) ENGINE=InnoDB DEFAULT CHARSET=utf8mb4 COLLATE=utf8mb4_0900_ai_ci;

INSERT INTO `Player` (`ID`, `ClassName`, `LastEdited`, `Created`, `PlayerNumber`, `FirstName`, `LastName`, `Birthday`, `Name`) VALUES
(1,	'Basil\\Player',	'2021-12-20 16:21:07',	'2021-12-20 16:21:07',	0,	NULL,	NULL,	NULL,	'Jeff Wilson'),
(2,	'Basil\\Player',	'2021-12-20 16:21:57',	'2021-12-20 16:21:57',	0,	NULL,	NULL,	NULL,	'Martin Crowe'),
(3,	'Basil\\Player',	'2021-12-20 16:24:06',	'2021-12-20 16:24:06',	0,	NULL,	NULL,	NULL,	'Frank Bunce');

DROP TABLE IF EXISTS `RedirectorPage`;
CREATE TABLE `RedirectorPage` (
  `ID` int NOT NULL AUTO_INCREMENT,
  `RedirectionType` enum('Internal','External') CHARACTER SET utf8mb4 COLLATE utf8mb4_unicode_ci DEFAULT 'Internal',
  `ExternalURL` varchar(2083) CHARACTER SET utf8mb4 COLLATE utf8mb4_unicode_ci DEFAULT NULL,
  `LinkToID` int NOT NULL DEFAULT '0',
  PRIMARY KEY (`ID`),
  KEY `LinkToID` (`LinkToID`)
) ENGINE=InnoDB DEFAULT CHARSET=utf8mb4 COLLATE=utf8mb4_0900_ai_ci;


DROP TABLE IF EXISTS `RedirectorPage_Live`;
CREATE TABLE `RedirectorPage_Live` (
  `ID` int NOT NULL AUTO_INCREMENT,
  `RedirectionType` enum('Internal','External') CHARACTER SET utf8mb4 COLLATE utf8mb4_unicode_ci DEFAULT 'Internal',
  `ExternalURL` varchar(2083) CHARACTER SET utf8mb4 COLLATE utf8mb4_unicode_ci DEFAULT NULL,
  `LinkToID` int NOT NULL DEFAULT '0',
  PRIMARY KEY (`ID`),
  KEY `LinkToID` (`LinkToID`)
) ENGINE=InnoDB DEFAULT CHARSET=utf8mb4 COLLATE=utf8mb4_0900_ai_ci;


DROP TABLE IF EXISTS `RedirectorPage_Versions`;
CREATE TABLE `RedirectorPage_Versions` (
  `ID` int NOT NULL AUTO_INCREMENT,
  `RecordID` int NOT NULL DEFAULT '0',
  `Version` int NOT NULL DEFAULT '0',
  `RedirectionType` enum('Internal','External') CHARACTER SET utf8mb4 COLLATE utf8mb4_unicode_ci DEFAULT 'Internal',
  `ExternalURL` varchar(2083) CHARACTER SET utf8mb4 COLLATE utf8mb4_unicode_ci DEFAULT NULL,
  `LinkToID` int NOT NULL DEFAULT '0',
  PRIMARY KEY (`ID`),
  UNIQUE KEY `RecordID_Version` (`RecordID`,`Version`),
  KEY `RecordID` (`RecordID`),
  KEY `Version` (`Version`),
  KEY `LinkToID` (`LinkToID`)
) ENGINE=InnoDB DEFAULT CHARSET=utf8mb4 COLLATE=utf8mb4_0900_ai_ci;


DROP TABLE IF EXISTS `RememberLoginHash`;
CREATE TABLE `RememberLoginHash` (
  `ID` int NOT NULL AUTO_INCREMENT,
  `ClassName` enum('SilverStripe\\Security\\RememberLoginHash') CHARACTER SET utf8mb4 COLLATE utf8mb4_unicode_ci DEFAULT 'SilverStripe\\Security\\RememberLoginHash',
  `LastEdited` datetime DEFAULT NULL,
  `Created` datetime DEFAULT NULL,
  `DeviceID` varchar(40) CHARACTER SET utf8mb4 COLLATE utf8mb4_unicode_ci DEFAULT NULL,
  `Hash` varchar(160) CHARACTER SET utf8mb4 COLLATE utf8mb4_unicode_ci DEFAULT NULL,
  `ExpiryDate` datetime DEFAULT NULL,
  `LoginSessionID` int NOT NULL DEFAULT '0',
  `MemberID` int NOT NULL DEFAULT '0',
  PRIMARY KEY (`ID`),
  KEY `ClassName` (`ClassName`),
  KEY `LoginSessionID` (`LoginSessionID`),
  KEY `MemberID` (`MemberID`),
  KEY `DeviceID` (`DeviceID`),
  KEY `Hash` (`Hash`)
) ENGINE=InnoDB DEFAULT CHARSET=utf8mb4 COLLATE=utf8mb4_0900_ai_ci;


DROP TABLE IF EXISTS `SiteConfig`;
CREATE TABLE `SiteConfig` (
  `ID` int NOT NULL AUTO_INCREMENT,
  `ClassName` enum('SilverStripe\\SiteConfig\\SiteConfig') CHARACTER SET utf8mb4 COLLATE utf8mb4_unicode_ci DEFAULT 'SilverStripe\\SiteConfig\\SiteConfig',
  `LastEdited` datetime DEFAULT NULL,
  `Created` datetime DEFAULT NULL,
  `Title` varchar(255) CHARACTER SET utf8mb4 COLLATE utf8mb4_unicode_ci DEFAULT NULL,
  `Tagline` varchar(255) CHARACTER SET utf8mb4 COLLATE utf8mb4_unicode_ci DEFAULT NULL,
  `CanViewType` enum('Anyone','LoggedInUsers','OnlyTheseUsers') CHARACTER SET utf8mb4 COLLATE utf8mb4_unicode_ci DEFAULT 'Anyone',
  `CanEditType` enum('LoggedInUsers','OnlyTheseUsers') CHARACTER SET utf8mb4 COLLATE utf8mb4_unicode_ci DEFAULT 'LoggedInUsers',
  `CanCreateTopLevelType` enum('LoggedInUsers','OnlyTheseUsers') CHARACTER SET utf8mb4 COLLATE utf8mb4_unicode_ci DEFAULT 'LoggedInUsers',
  PRIMARY KEY (`ID`),
  KEY `ClassName` (`ClassName`)
) ENGINE=InnoDB DEFAULT CHARSET=utf8mb4 COLLATE=utf8mb4_0900_ai_ci;

INSERT INTO `SiteConfig` (`ID`, `ClassName`, `LastEdited`, `Created`, `Title`, `Tagline`, `CanViewType`, `CanEditType`, `CanCreateTopLevelType`) VALUES
(1,	'SilverStripe\\SiteConfig\\SiteConfig',	'2021-12-20 14:28:59',	'2021-12-20 14:28:59',	'Your Site Name',	'your tagline here',	'Anyone',	'LoggedInUsers',	'LoggedInUsers');

DROP TABLE IF EXISTS `SiteConfig_CreateTopLevelGroups`;
CREATE TABLE `SiteConfig_CreateTopLevelGroups` (
  `ID` int NOT NULL AUTO_INCREMENT,
  `SiteConfigID` int NOT NULL DEFAULT '0',
  `GroupID` int NOT NULL DEFAULT '0',
  PRIMARY KEY (`ID`),
  KEY `SiteConfigID` (`SiteConfigID`),
  KEY `GroupID` (`GroupID`)
) ENGINE=InnoDB DEFAULT CHARSET=utf8mb4 COLLATE=utf8mb4_0900_ai_ci;


DROP TABLE IF EXISTS `SiteConfig_EditorGroups`;
CREATE TABLE `SiteConfig_EditorGroups` (
  `ID` int NOT NULL AUTO_INCREMENT,
  `SiteConfigID` int NOT NULL DEFAULT '0',
  `GroupID` int NOT NULL DEFAULT '0',
  PRIMARY KEY (`ID`),
  KEY `SiteConfigID` (`SiteConfigID`),
  KEY `GroupID` (`GroupID`)
) ENGINE=InnoDB DEFAULT CHARSET=utf8mb4 COLLATE=utf8mb4_0900_ai_ci;


DROP TABLE IF EXISTS `SiteConfig_ViewerGroups`;
CREATE TABLE `SiteConfig_ViewerGroups` (
  `ID` int NOT NULL AUTO_INCREMENT,
  `SiteConfigID` int NOT NULL DEFAULT '0',
  `GroupID` int NOT NULL DEFAULT '0',
  PRIMARY KEY (`ID`),
  KEY `SiteConfigID` (`SiteConfigID`),
  KEY `GroupID` (`GroupID`)
) ENGINE=InnoDB DEFAULT CHARSET=utf8mb4 COLLATE=utf8mb4_0900_ai_ci;


DROP TABLE IF EXISTS `SiteTree`;
CREATE TABLE `SiteTree` (
  `ID` int NOT NULL AUTO_INCREMENT,
  `ClassName` enum('SilverStripe\\CMS\\Model\\SiteTree','Page','SilverStripe\\ErrorPage\\ErrorPage','SilverStripe\\CMS\\Model\\RedirectorPage','SilverStripe\\CMS\\Model\\VirtualPage') CHARACTER SET utf8mb4 COLLATE utf8mb4_unicode_ci DEFAULT 'Page',
  `LastEdited` datetime DEFAULT NULL,
  `Created` datetime DEFAULT NULL,
  `CanViewType` enum('Anyone','LoggedInUsers','OnlyTheseUsers','Inherit') CHARACTER SET utf8mb4 COLLATE utf8mb4_unicode_ci DEFAULT 'Inherit',
  `CanEditType` enum('LoggedInUsers','OnlyTheseUsers','Inherit') CHARACTER SET utf8mb4 COLLATE utf8mb4_unicode_ci DEFAULT 'Inherit',
  `Version` int NOT NULL DEFAULT '0',
  `URLSegment` varchar(255) CHARACTER SET utf8mb4 COLLATE utf8mb4_unicode_ci DEFAULT NULL,
  `Title` varchar(255) CHARACTER SET utf8mb4 COLLATE utf8mb4_unicode_ci DEFAULT NULL,
  `MenuTitle` varchar(100) CHARACTER SET utf8mb4 COLLATE utf8mb4_unicode_ci DEFAULT NULL,
  `Content` mediumtext CHARACTER SET utf8mb4 COLLATE utf8mb4_unicode_ci,
  `MetaDescription` mediumtext CHARACTER SET utf8mb4 COLLATE utf8mb4_unicode_ci,
  `ExtraMeta` mediumtext CHARACTER SET utf8mb4 COLLATE utf8mb4_unicode_ci,
  `ShowInMenus` tinyint unsigned NOT NULL DEFAULT '0',
  `ShowInSearch` tinyint unsigned NOT NULL DEFAULT '0',
  `Sort` int NOT NULL DEFAULT '0',
  `HasBrokenFile` tinyint unsigned NOT NULL DEFAULT '0',
  `HasBrokenLink` tinyint unsigned NOT NULL DEFAULT '0',
  `ReportClass` varchar(255) CHARACTER SET utf8mb4 COLLATE utf8mb4_unicode_ci DEFAULT NULL,
  `ParentID` int NOT NULL DEFAULT '0',
  PRIMARY KEY (`ID`),
  KEY `Sort` (`Sort`),
  KEY `ClassName` (`ClassName`),
  KEY `ParentID` (`ParentID`),
  KEY `URLSegment` (`URLSegment`)
) ENGINE=InnoDB DEFAULT CHARSET=utf8mb4 COLLATE=utf8mb4_0900_ai_ci;

INSERT INTO `SiteTree` (`ID`, `ClassName`, `LastEdited`, `Created`, `CanViewType`, `CanEditType`, `Version`, `URLSegment`, `Title`, `MenuTitle`, `Content`, `MetaDescription`, `ExtraMeta`, `ShowInMenus`, `ShowInSearch`, `Sort`, `HasBrokenFile`, `HasBrokenLink`, `ReportClass`, `ParentID`) VALUES
(1,	'Page',	'2021-12-20 14:28:59',	'2021-12-20 14:28:59',	'Inherit',	'Inherit',	2,	'home',	'Home',	NULL,	'<p>Welcome to SilverStripe! This is the default homepage. You can edit this page by opening <a href=\"admin/\">the CMS</a>.</p><p>You can now access the <a href=\"http://docs.silverstripe.org\">developer documentation</a>, or begin the <a href=\"http://www.silverstripe.org/learn/lessons\">SilverStripe lessons</a>.</p>',	NULL,	NULL,	1,	1,	1,	0,	0,	NULL,	0),
(2,	'Page',	'2021-12-20 14:28:59',	'2021-12-20 14:28:59',	'Inherit',	'Inherit',	2,	'about-us',	'About Us',	NULL,	'<p>You can fill this page out with your own content, or delete it and create your own pages.</p>',	NULL,	NULL,	1,	1,	2,	0,	0,	NULL,	0),
(3,	'Page',	'2021-12-20 14:28:59',	'2021-12-20 14:28:59',	'Inherit',	'Inherit',	2,	'contact-us',	'Contact Us',	NULL,	'<p>You can fill this page out with your own content, or delete it and create your own pages.</p>',	NULL,	NULL,	1,	1,	3,	0,	0,	NULL,	0),
(4,	'SilverStripe\\ErrorPage\\ErrorPage',	'2021-12-20 14:28:59',	'2021-12-20 14:28:59',	'Inherit',	'Inherit',	2,	'page-not-found',	'Page not found',	NULL,	'<p>Sorry, it seems you were trying to access a page that doesn\'t exist.</p><p>Please check the spelling of the URL you were trying to access and try again.</p>',	NULL,	NULL,	0,	0,	4,	0,	0,	NULL,	0),
(5,	'SilverStripe\\ErrorPage\\ErrorPage',	'2021-12-20 14:29:00',	'2021-12-20 14:28:59',	'Inherit',	'Inherit',	2,	'server-error',	'Server error',	NULL,	'<p>Sorry, there was a problem with handling your request.</p>',	NULL,	NULL,	0,	0,	5,	0,	0,	NULL,	0);

DROP TABLE IF EXISTS `SiteTreeLink`;
CREATE TABLE `SiteTreeLink` (
  `ID` int NOT NULL AUTO_INCREMENT,
  `ClassName` enum('SilverStripe\\CMS\\Model\\SiteTreeLink') CHARACTER SET utf8mb4 COLLATE utf8mb4_unicode_ci DEFAULT 'SilverStripe\\CMS\\Model\\SiteTreeLink',
  `LastEdited` datetime DEFAULT NULL,
  `Created` datetime DEFAULT NULL,
  `LinkedID` int NOT NULL DEFAULT '0',
  `ParentID` int NOT NULL DEFAULT '0',
  `ParentClass` enum('Basil\\Colour','Basil\\Player','Basil\\Team','SilverStripe\\Assets\\File','SilverStripe\\SiteConfig\\SiteConfig','SilverStripe\\Versioned\\ChangeSet','SilverStripe\\Versioned\\ChangeSetItem','SilverStripe\\Assets\\Shortcodes\\FileLink','SilverStripe\\CMS\\Model\\SiteTree','SilverStripe\\CMS\\Model\\SiteTreeLink','SilverStripe\\Security\\Group','SilverStripe\\Security\\LoginAttempt','SilverStripe\\Security\\Member','SilverStripe\\Security\\MemberPassword','SilverStripe\\Security\\Permission','SilverStripe\\Security\\PermissionRole','SilverStripe\\Security\\PermissionRoleCode','SilverStripe\\Security\\RememberLoginHash','SilverStripe\\SessionManager\\Models\\LoginSession','SilverStripe\\Assets\\Folder','SilverStripe\\Assets\\Image','Page','SilverStripe\\ErrorPage\\ErrorPage','SilverStripe\\CMS\\Model\\RedirectorPage','SilverStripe\\CMS\\Model\\VirtualPage') CHARACTER SET utf8mb4 COLLATE utf8mb4_unicode_ci DEFAULT 'Basil\\Colour',
  PRIMARY KEY (`ID`),
  KEY `ClassName` (`ClassName`),
  KEY `LinkedID` (`LinkedID`),
  KEY `Parent` (`ParentID`,`ParentClass`)
) ENGINE=InnoDB DEFAULT CHARSET=utf8mb4 COLLATE=utf8mb4_0900_ai_ci;


DROP TABLE IF EXISTS `SiteTree_EditorGroups`;
CREATE TABLE `SiteTree_EditorGroups` (
  `ID` int NOT NULL AUTO_INCREMENT,
  `SiteTreeID` int NOT NULL DEFAULT '0',
  `GroupID` int NOT NULL DEFAULT '0',
  PRIMARY KEY (`ID`),
  KEY `SiteTreeID` (`SiteTreeID`),
  KEY `GroupID` (`GroupID`)
) ENGINE=InnoDB DEFAULT CHARSET=utf8mb4 COLLATE=utf8mb4_0900_ai_ci;


DROP TABLE IF EXISTS `SiteTree_Live`;
CREATE TABLE `SiteTree_Live` (
  `ID` int NOT NULL AUTO_INCREMENT,
  `ClassName` enum('SilverStripe\\CMS\\Model\\SiteTree','Page','SilverStripe\\ErrorPage\\ErrorPage','SilverStripe\\CMS\\Model\\RedirectorPage','SilverStripe\\CMS\\Model\\VirtualPage') CHARACTER SET utf8mb4 COLLATE utf8mb4_unicode_ci DEFAULT 'Page',
  `LastEdited` datetime DEFAULT NULL,
  `Created` datetime DEFAULT NULL,
  `CanViewType` enum('Anyone','LoggedInUsers','OnlyTheseUsers','Inherit') CHARACTER SET utf8mb4 COLLATE utf8mb4_unicode_ci DEFAULT 'Inherit',
  `CanEditType` enum('LoggedInUsers','OnlyTheseUsers','Inherit') CHARACTER SET utf8mb4 COLLATE utf8mb4_unicode_ci DEFAULT 'Inherit',
  `Version` int NOT NULL DEFAULT '0',
  `URLSegment` varchar(255) CHARACTER SET utf8mb4 COLLATE utf8mb4_unicode_ci DEFAULT NULL,
  `Title` varchar(255) CHARACTER SET utf8mb4 COLLATE utf8mb4_unicode_ci DEFAULT NULL,
  `MenuTitle` varchar(100) CHARACTER SET utf8mb4 COLLATE utf8mb4_unicode_ci DEFAULT NULL,
  `Content` mediumtext CHARACTER SET utf8mb4 COLLATE utf8mb4_unicode_ci,
  `MetaDescription` mediumtext CHARACTER SET utf8mb4 COLLATE utf8mb4_unicode_ci,
  `ExtraMeta` mediumtext CHARACTER SET utf8mb4 COLLATE utf8mb4_unicode_ci,
  `ShowInMenus` tinyint unsigned NOT NULL DEFAULT '0',
  `ShowInSearch` tinyint unsigned NOT NULL DEFAULT '0',
  `Sort` int NOT NULL DEFAULT '0',
  `HasBrokenFile` tinyint unsigned NOT NULL DEFAULT '0',
  `HasBrokenLink` tinyint unsigned NOT NULL DEFAULT '0',
  `ReportClass` varchar(255) CHARACTER SET utf8mb4 COLLATE utf8mb4_unicode_ci DEFAULT NULL,
  `ParentID` int NOT NULL DEFAULT '0',
  PRIMARY KEY (`ID`),
  KEY `Sort` (`Sort`),
  KEY `ClassName` (`ClassName`),
  KEY `ParentID` (`ParentID`),
  KEY `URLSegment` (`URLSegment`)
) ENGINE=InnoDB DEFAULT CHARSET=utf8mb4 COLLATE=utf8mb4_0900_ai_ci;

INSERT INTO `SiteTree_Live` (`ID`, `ClassName`, `LastEdited`, `Created`, `CanViewType`, `CanEditType`, `Version`, `URLSegment`, `Title`, `MenuTitle`, `Content`, `MetaDescription`, `ExtraMeta`, `ShowInMenus`, `ShowInSearch`, `Sort`, `HasBrokenFile`, `HasBrokenLink`, `ReportClass`, `ParentID`) VALUES
(1,	'Page',	'2021-12-20 14:28:59',	'2021-12-20 14:28:59',	'Inherit',	'Inherit',	2,	'home',	'Home',	NULL,	'<p>Welcome to SilverStripe! This is the default homepage. You can edit this page by opening <a href=\"admin/\">the CMS</a>.</p><p>You can now access the <a href=\"http://docs.silverstripe.org\">developer documentation</a>, or begin the <a href=\"http://www.silverstripe.org/learn/lessons\">SilverStripe lessons</a>.</p>',	NULL,	NULL,	1,	1,	1,	0,	0,	NULL,	0),
(2,	'Page',	'2021-12-20 14:28:59',	'2021-12-20 14:28:59',	'Inherit',	'Inherit',	2,	'about-us',	'About Us',	NULL,	'<p>You can fill this page out with your own content, or delete it and create your own pages.</p>',	NULL,	NULL,	1,	1,	2,	0,	0,	NULL,	0),
(3,	'Page',	'2021-12-20 14:28:59',	'2021-12-20 14:28:59',	'Inherit',	'Inherit',	2,	'contact-us',	'Contact Us',	NULL,	'<p>You can fill this page out with your own content, or delete it and create your own pages.</p>',	NULL,	NULL,	1,	1,	3,	0,	0,	NULL,	0),
(4,	'SilverStripe\\ErrorPage\\ErrorPage',	'2021-12-20 14:28:59',	'2021-12-20 14:28:59',	'Inherit',	'Inherit',	2,	'page-not-found',	'Page not found',	NULL,	'<p>Sorry, it seems you were trying to access a page that doesn\'t exist.</p><p>Please check the spelling of the URL you were trying to access and try again.</p>',	NULL,	NULL,	0,	0,	4,	0,	0,	NULL,	0),
(5,	'SilverStripe\\ErrorPage\\ErrorPage',	'2021-12-20 14:29:00',	'2021-12-20 14:28:59',	'Inherit',	'Inherit',	2,	'server-error',	'Server error',	NULL,	'<p>Sorry, there was a problem with handling your request.</p>',	NULL,	NULL,	0,	0,	5,	0,	0,	NULL,	0);

DROP TABLE IF EXISTS `SiteTree_Versions`;
CREATE TABLE `SiteTree_Versions` (
  `ID` int NOT NULL AUTO_INCREMENT,
  `RecordID` int NOT NULL DEFAULT '0',
  `Version` int NOT NULL DEFAULT '0',
  `WasPublished` tinyint unsigned NOT NULL DEFAULT '0',
  `WasDeleted` tinyint unsigned NOT NULL DEFAULT '0',
  `WasDraft` tinyint unsigned NOT NULL DEFAULT '1',
  `AuthorID` int NOT NULL DEFAULT '0',
  `PublisherID` int NOT NULL DEFAULT '0',
  `ClassName` enum('SilverStripe\\CMS\\Model\\SiteTree','Page','SilverStripe\\ErrorPage\\ErrorPage','SilverStripe\\CMS\\Model\\RedirectorPage','SilverStripe\\CMS\\Model\\VirtualPage') CHARACTER SET utf8mb4 COLLATE utf8mb4_unicode_ci DEFAULT 'Page',
  `LastEdited` datetime DEFAULT NULL,
  `Created` datetime DEFAULT NULL,
  `CanViewType` enum('Anyone','LoggedInUsers','OnlyTheseUsers','Inherit') CHARACTER SET utf8mb4 COLLATE utf8mb4_unicode_ci DEFAULT 'Inherit',
  `CanEditType` enum('LoggedInUsers','OnlyTheseUsers','Inherit') CHARACTER SET utf8mb4 COLLATE utf8mb4_unicode_ci DEFAULT 'Inherit',
  `URLSegment` varchar(255) CHARACTER SET utf8mb4 COLLATE utf8mb4_unicode_ci DEFAULT NULL,
  `Title` varchar(255) CHARACTER SET utf8mb4 COLLATE utf8mb4_unicode_ci DEFAULT NULL,
  `MenuTitle` varchar(100) CHARACTER SET utf8mb4 COLLATE utf8mb4_unicode_ci DEFAULT NULL,
  `Content` mediumtext CHARACTER SET utf8mb4 COLLATE utf8mb4_unicode_ci,
  `MetaDescription` mediumtext CHARACTER SET utf8mb4 COLLATE utf8mb4_unicode_ci,
  `ExtraMeta` mediumtext CHARACTER SET utf8mb4 COLLATE utf8mb4_unicode_ci,
  `ShowInMenus` tinyint unsigned NOT NULL DEFAULT '0',
  `ShowInSearch` tinyint unsigned NOT NULL DEFAULT '0',
  `Sort` int NOT NULL DEFAULT '0',
  `HasBrokenFile` tinyint unsigned NOT NULL DEFAULT '0',
  `HasBrokenLink` tinyint unsigned NOT NULL DEFAULT '0',
  `ReportClass` varchar(255) CHARACTER SET utf8mb4 COLLATE utf8mb4_unicode_ci DEFAULT NULL,
  `ParentID` int NOT NULL DEFAULT '0',
  PRIMARY KEY (`ID`),
  KEY `RecordID_Version` (`RecordID`,`Version`),
  KEY `RecordID` (`RecordID`),
  KEY `Version` (`Version`),
  KEY `AuthorID` (`AuthorID`),
  KEY `PublisherID` (`PublisherID`),
  KEY `Sort` (`Sort`),
  KEY `ClassName` (`ClassName`),
  KEY `ParentID` (`ParentID`),
  KEY `URLSegment` (`URLSegment`)
) ENGINE=InnoDB DEFAULT CHARSET=utf8mb4 COLLATE=utf8mb4_0900_ai_ci;

INSERT INTO `SiteTree_Versions` (`ID`, `RecordID`, `Version`, `WasPublished`, `WasDeleted`, `WasDraft`, `AuthorID`, `PublisherID`, `ClassName`, `LastEdited`, `Created`, `CanViewType`, `CanEditType`, `URLSegment`, `Title`, `MenuTitle`, `Content`, `MetaDescription`, `ExtraMeta`, `ShowInMenus`, `ShowInSearch`, `Sort`, `HasBrokenFile`, `HasBrokenLink`, `ReportClass`, `ParentID`) VALUES
(1,	1,	1,	0,	0,	1,	0,	0,	'Page',	'2021-12-20 14:28:59',	'2021-12-20 14:28:59',	'Inherit',	'Inherit',	'home',	'Home',	NULL,	'<p>Welcome to SilverStripe! This is the default homepage. You can edit this page by opening <a href=\"admin/\">the CMS</a>.</p><p>You can now access the <a href=\"http://docs.silverstripe.org\">developer documentation</a>, or begin the <a href=\"http://www.silverstripe.org/learn/lessons\">SilverStripe lessons</a>.</p>',	NULL,	NULL,	1,	1,	1,	0,	0,	NULL,	0),
(2,	1,	2,	1,	0,	1,	0,	0,	'Page',	'2021-12-20 14:28:59',	'2021-12-20 14:28:59',	'Inherit',	'Inherit',	'home',	'Home',	NULL,	'<p>Welcome to SilverStripe! This is the default homepage. You can edit this page by opening <a href=\"admin/\">the CMS</a>.</p><p>You can now access the <a href=\"http://docs.silverstripe.org\">developer documentation</a>, or begin the <a href=\"http://www.silverstripe.org/learn/lessons\">SilverStripe lessons</a>.</p>',	NULL,	NULL,	1,	1,	1,	0,	0,	NULL,	0),
(3,	2,	1,	0,	0,	1,	0,	0,	'Page',	'2021-12-20 14:28:59',	'2021-12-20 14:28:59',	'Inherit',	'Inherit',	'about-us',	'About Us',	NULL,	'<p>You can fill this page out with your own content, or delete it and create your own pages.</p>',	NULL,	NULL,	1,	1,	2,	0,	0,	NULL,	0),
(4,	2,	2,	1,	0,	1,	0,	0,	'Page',	'2021-12-20 14:28:59',	'2021-12-20 14:28:59',	'Inherit',	'Inherit',	'about-us',	'About Us',	NULL,	'<p>You can fill this page out with your own content, or delete it and create your own pages.</p>',	NULL,	NULL,	1,	1,	2,	0,	0,	NULL,	0),
(5,	3,	1,	0,	0,	1,	0,	0,	'Page',	'2021-12-20 14:28:59',	'2021-12-20 14:28:59',	'Inherit',	'Inherit',	'contact-us',	'Contact Us',	NULL,	'<p>You can fill this page out with your own content, or delete it and create your own pages.</p>',	NULL,	NULL,	1,	1,	3,	0,	0,	NULL,	0),
(6,	3,	2,	1,	0,	1,	0,	0,	'Page',	'2021-12-20 14:28:59',	'2021-12-20 14:28:59',	'Inherit',	'Inherit',	'contact-us',	'Contact Us',	NULL,	'<p>You can fill this page out with your own content, or delete it and create your own pages.</p>',	NULL,	NULL,	1,	1,	3,	0,	0,	NULL,	0),
(7,	4,	1,	0,	0,	1,	0,	0,	'SilverStripe\\ErrorPage\\ErrorPage',	'2021-12-20 14:28:59',	'2021-12-20 14:28:59',	'Inherit',	'Inherit',	'page-not-found',	'Page not found',	NULL,	'<p>Sorry, it seems you were trying to access a page that doesn\'t exist.</p><p>Please check the spelling of the URL you were trying to access and try again.</p>',	NULL,	NULL,	0,	0,	4,	0,	0,	NULL,	0),
(8,	4,	2,	1,	0,	1,	0,	0,	'SilverStripe\\ErrorPage\\ErrorPage',	'2021-12-20 14:28:59',	'2021-12-20 14:28:59',	'Inherit',	'Inherit',	'page-not-found',	'Page not found',	NULL,	'<p>Sorry, it seems you were trying to access a page that doesn\'t exist.</p><p>Please check the spelling of the URL you were trying to access and try again.</p>',	NULL,	NULL,	0,	0,	4,	0,	0,	NULL,	0),
(9,	5,	1,	0,	0,	1,	0,	0,	'SilverStripe\\ErrorPage\\ErrorPage',	'2021-12-20 14:28:59',	'2021-12-20 14:28:59',	'Inherit',	'Inherit',	'server-error',	'Server error',	NULL,	'<p>Sorry, there was a problem with handling your request.</p>',	NULL,	NULL,	0,	0,	5,	0,	0,	NULL,	0),
(10,	5,	2,	1,	0,	1,	0,	0,	'SilverStripe\\ErrorPage\\ErrorPage',	'2021-12-20 14:29:00',	'2021-12-20 14:28:59',	'Inherit',	'Inherit',	'server-error',	'Server error',	NULL,	'<p>Sorry, there was a problem with handling your request.</p>',	NULL,	NULL,	0,	0,	5,	0,	0,	NULL,	0);

DROP TABLE IF EXISTS `SiteTree_ViewerGroups`;
CREATE TABLE `SiteTree_ViewerGroups` (
  `ID` int NOT NULL AUTO_INCREMENT,
  `SiteTreeID` int NOT NULL DEFAULT '0',
  `GroupID` int NOT NULL DEFAULT '0',
  PRIMARY KEY (`ID`),
  KEY `SiteTreeID` (`SiteTreeID`),
  KEY `GroupID` (`GroupID`)
) ENGINE=InnoDB DEFAULT CHARSET=utf8mb4 COLLATE=utf8mb4_0900_ai_ci;


DROP TABLE IF EXISTS `Team`;
CREATE TABLE `Team` (
  `ID` int NOT NULL AUTO_INCREMENT,
  `ClassName` enum('Basil\\Team') CHARACTER SET utf8mb4 COLLATE utf8mb4_unicode_ci DEFAULT 'Basil\\Team',
  `LastEdited` datetime DEFAULT NULL,
  `Created` datetime DEFAULT NULL,
  `Name` varchar(255) CHARACTER SET utf8mb4 COLLATE utf8mb4_unicode_ci DEFAULT NULL,
  `Type` varchar(20) CHARACTER SET utf8mb4 COLLATE utf8mb4_unicode_ci DEFAULT NULL,
  `Sport` varchar(20) CHARACTER SET utf8mb4 COLLATE utf8mb4_unicode_ci DEFAULT NULL,
  `Mascot` varchar(255) CHARACTER SET utf8mb4 COLLATE utf8mb4_unicode_ci DEFAULT NULL,
  `LogoID` int NOT NULL DEFAULT '0',
  `ColorID` int NOT NULL DEFAULT '0',
  PRIMARY KEY (`ID`),
  KEY `ClassName` (`ClassName`),
  KEY `LogoID` (`LogoID`),
  KEY `ColorID` (`ColorID`)
) ENGINE=InnoDB DEFAULT CHARSET=utf8mb4 COLLATE=utf8mb4_0900_ai_ci;

INSERT INTO `Team` (`ID`, `ClassName`, `LastEdited`, `Created`, `Name`, `Type`, `Sport`, `Mascot`, `LogoID`, `ColorID`) VALUES
(1,	'Basil\\Team',	'2021-12-20 17:39:27',	'2021-12-20 16:06:38',	'All Blacks',	'national',	'rubgy',	'Buck Shelford',	0,	1),
(2,	'Basil\\Team',	'2021-12-20 16:24:53',	'2021-12-20 16:24:53',	'Black Caps',	'nationl',	'cricket',	NULL,	2,	1),
(3,	'Basil\\Team',	'2021-12-20 16:28:17',	'2021-12-20 16:28:17',	'Auckland Blue',	'regional',	'rubgy',	'Blue Bread',	0,	3),
(4,	'Basil\\Team',	'2021-12-20 16:29:47',	'2021-12-20 16:29:47',	'Wellington Hurricanes',	'regional',	'rubgy',	'Captian Hurricane',	0,	3);

DROP TABLE IF EXISTS `Team_Players`;
CREATE TABLE `Team_Players` (
  `ID` int NOT NULL AUTO_INCREMENT,
  `TeamID` int NOT NULL DEFAULT '0',
  `PlayerID` int NOT NULL DEFAULT '0',
  PRIMARY KEY (`ID`),
  KEY `TeamID` (`TeamID`),
  KEY `PlayerID` (`PlayerID`)
) ENGINE=InnoDB DEFAULT CHARSET=utf8mb4 COLLATE=utf8mb4_0900_ai_ci;

INSERT INTO `Team_Players` (`ID`, `TeamID`, `PlayerID`) VALUES
(1,	1,	1),
(2,	3,	3),
(3,	1,	3),
(6,	2,	2),
(7,	4,	1),
(8,	2,	1);

DROP TABLE IF EXISTS `VirtualPage`;
CREATE TABLE `VirtualPage` (
  `ID` int NOT NULL AUTO_INCREMENT,
  `VersionID` int NOT NULL DEFAULT '0',
  `CopyContentFromID` int NOT NULL DEFAULT '0',
  PRIMARY KEY (`ID`),
  KEY `CopyContentFromID` (`CopyContentFromID`)
) ENGINE=InnoDB DEFAULT CHARSET=utf8mb4 COLLATE=utf8mb4_0900_ai_ci;


DROP TABLE IF EXISTS `VirtualPage_Live`;
CREATE TABLE `VirtualPage_Live` (
  `ID` int NOT NULL AUTO_INCREMENT,
  `VersionID` int NOT NULL DEFAULT '0',
  `CopyContentFromID` int NOT NULL DEFAULT '0',
  PRIMARY KEY (`ID`),
  KEY `CopyContentFromID` (`CopyContentFromID`)
) ENGINE=InnoDB DEFAULT CHARSET=utf8mb4 COLLATE=utf8mb4_0900_ai_ci;


DROP TABLE IF EXISTS `VirtualPage_Versions`;
CREATE TABLE `VirtualPage_Versions` (
  `ID` int NOT NULL AUTO_INCREMENT,
  `RecordID` int NOT NULL DEFAULT '0',
  `Version` int NOT NULL DEFAULT '0',
  `VersionID` int NOT NULL DEFAULT '0',
  `CopyContentFromID` int NOT NULL DEFAULT '0',
  PRIMARY KEY (`ID`),
  UNIQUE KEY `RecordID_Version` (`RecordID`,`Version`),
  KEY `RecordID` (`RecordID`),
  KEY `Version` (`Version`),
  KEY `CopyContentFromID` (`CopyContentFromID`)
) ENGINE=InnoDB DEFAULT CHARSET=utf8mb4 COLLATE=utf8mb4_0900_ai_ci;


-- 2021-12-20 17:50:32
